{"cameraMode":{"drawMode":0,"name":"Shaded","section":"Shading Mode"},"sceneLighting":false,"audioPlay":false,"sceneViewState":{"showFog":true,"showMaterialUpdate":false,"showSkybox":true,"showFlares":true,"showImageEffects":true,"showParticleSystems":true},"in2DMode":false,"pivot":{"x":-0.025500059127807618,"y":3.2197539806365969,"z":3.725290298461914e-9},"rotation":{"x":-0.12632276117801667,"y":-0.1323157101869583,"z":0.017004095017910005,"w":-0.9829781651496887},"size":16.761884689331056,"orthographic":false}