{"cameraMode":{"drawMode":0,"name":"Shaded","section":"Shading Mode"},"sceneLighting":false,"audioPlay":false,"sceneViewState":{"showFog":true,"showMaterialUpdate":false,"showSkybox":true,"showFlares":true,"showImageEffects":true,"showParticleSystems":true},"in2DMode":false,"pivot":{"x":-8.744415283203125,"y":0.42300844192504885,"z":7.450580596923828e-9},"rotation":{"x":-0.12632276117801667,"y":-0.1323157101869583,"z":0.017004095017910005,"w":-0.9829781651496887},"size":2.6466948986053469,"orthographic":false}